evaluation_unit_id,prediction
fea75638-4878-495f-b5fa-e4e5b40a150a:diet=2031-03-10:sleep=2031-03-11:row=0,52.24
fea75638-4878-495f-b5fa-e4e5b40a150a:diet=2031-03-11:sleep=2031-03-12:row=1,70.87
fea75638-4878-495f-b5fa-e4e5b40a150a:diet=2031-03-12:sleep=2031-03-13:row=2,70.36
cfefb8e8-097e-4209-bf5f-19c8395fb180:diet=2031-03-10:sleep=2031-03-11:row=0,70.07
cfefb8e8-097e-4209-bf5f-19c8395fb180:diet=2031-03-11:sleep=2031-03-12:row=1,66.56
cfefb8e8-097e-4209-bf5f-19c8395fb180:diet=2031-03-12:sleep=2031-03-13:row=2,60.01
cfefb8e8-097e-4209-bf5f-19c8395fb180:diet=2031-03-13:sleep=2031-03-14:row=3,47.57
cfefb8e8-097e-4209-bf5f-19c8395fb180:diet=2031-03-14:sleep=2031-03-15:row=4,60.45
cfefb8e8-097e-4209-bf5f-19c8395fb180:diet=2031-03-15:sleep=2031-03-16:row=5,58.4
6e9d6254-debd-449a-835f-b8020eab6725:diet=2031-03-10:sleep=2031-03-11:row=0,53.29
6e9d6254-debd-449a-835f-b8020eab6725:diet=2031-03-11:sleep=2031-03-12:row=1,62.76
6e9d6254-debd-449a-835f-b8020eab6725:diet=2031-03-12:sleep=2031-03-13:row=2,56.35
6e9d6254-debd-449a-835f-b8020eab6725:diet=2031-03-13:sleep=2031-03-14:row=3,58.8
53d0df41-2543-40b9-9b59-923796f5c973:diet=2031-03-10:sleep=2031-03-11:row=0,70.07
53d0df41-2543-40b9-9b59-923796f5c973:diet=2031-03-11:sleep=2031-03-12:row=1,48.03
53d0df41-2543-40b9-9b59-923796f5c973:diet=2031-03-12:sleep=2031-03-13:row=2,56.51
53d0df41-2543-40b9-9b59-923796f5c973:diet=2031-03-13:sleep=2031-03-14:row=3,50.35
53d0df41-2543-40b9-9b59-923796f5c973:diet=2031-03-14:sleep=2031-03-15:row=4,51.3
53d0df41-2543-40b9-9b59-923796f5c973:diet=2031-03-15:sleep=2031-03-16:row=5,55.16
0442c24f-8208-4ce8-bef6-8b74ec9b8b8b:diet=2031-03-10:sleep=2031-03-11:row=0,68.31
0442c24f-8208-4ce8-bef6-8b74ec9b8b8b:diet=2031-03-11:sleep=2031-03-12:row=1,53.24
0442c24f-8208-4ce8-bef6-8b74ec9b8b8b:diet=2031-03-12:sleep=2031-03-13:row=2,58.9
0442c24f-8208-4ce8-bef6-8b74ec9b8b8b:diet=2031-03-13:sleep=2031-03-14:row=3,58.43
0442c24f-8208-4ce8-bef6-8b74ec9b8b8b:diet=2031-03-14:sleep=2031-03-15:row=4,68.91
0442c24f-8208-4ce8-bef6-8b74ec9b8b8b:diet=2031-03-15:sleep=2031-03-16:row=5,62.71
1ad928d6-0fbe-4050-a316-f3820c478cdc:diet=2031-03-10:sleep=2031-03-11:row=0,61.09
1ad928d6-0fbe-4050-a316-f3820c478cdc:diet=2031-03-11:sleep=2031-03-12:row=1,60.66
1ad928d6-0fbe-4050-a316-f3820c478cdc:diet=2031-03-12:sleep=2031-03-13:row=2,54.06
1ad928d6-0fbe-4050-a316-f3820c478cdc:diet=2031-03-13:sleep=2031-03-14:row=3,67.95
