evaluation_unit_id,offset_minutes,prediction
3236b676-bd7f-45e1-a867-0ff1f6d93a3d:meal=0,15,121.3
3236b676-bd7f-45e1-a867-0ff1f6d93a3d:meal=0,30,136.1
3236b676-bd7f-45e1-a867-0ff1f6d93a3d:meal=0,45,145.0
3236b676-bd7f-45e1-a867-0ff1f6d93a3d:meal=0,60,148.0
3236b676-bd7f-45e1-a867-0ff1f6d93a3d:meal=0,75,145.0
3236b676-bd7f-45e1-a867-0ff1f6d93a3d:meal=0,90,136.1
3236b676-bd7f-45e1-a867-0ff1f6d93a3d:meal=0,105,121.3
3236b676-bd7f-45e1-a867-0ff1f6d93a3d:meal=0,120,100.6
3236b676-bd7f-45e1-a867-0ff1f6d93a3d:meal=1,15,94.5
3236b676-bd7f-45e1-a867-0ff1f6d93a3d:meal=1,30,102.0
3236b676-bd7f-45e1-a867-0ff1f6d93a3d:meal=1,45,106.5
3236b676-bd7f-45e1-a867-0ff1f6d93a3d:meal=1,60,108.0
3236b676-bd7f-45e1-a867-0ff1f6d93a3d:meal=1,75,106.5
3236b676-bd7f-45e1-a867-0ff1f6d93a3d:meal=1,90,102.0
3236b676-bd7f-45e1-a867-0ff1f6d93a3d:meal=1,105,94.5
3236b676-bd7f-45e1-a867-0ff1f6d93a3d:meal=1,120,84.0
3236b676-bd7f-45e1-a867-0ff1f6d93a3d:meal=2,15,123.9
3236b676-bd7f-45e1-a867-0ff1f6d93a3d:meal=2,30,134.9
3236b676-bd7f-45e1-a867-0ff1f6d93a3d:meal=2,45,141.6
3236b676-bd7f-45e1-a867-0ff1f6d93a3d:meal=2,60,143.8
3236b676-bd7f-45e1-a867-0ff1f6d93a3d:meal=2,75,141.6
3236b676-bd7f-45e1-a867-0ff1f6d93a3d:meal=2,90,134.9
3236b676-bd7f-45e1-a867-0ff1f6d93a3d:meal=2,105,123.9
3236b676-bd7f-45e1-a867-0ff1f6d93a3d:meal=2,120,108.4
9ab5a4c7-1304-43e6-a87b-fb42b4837750:meal=0,15,112.6
9ab5a4c7-1304-43e6-a87b-fb42b4837750:meal=0,30,127.5
9ab5a4c7-1304-43e6-a87b-fb42b4837750:meal=0,45,136.3
9ab5a4c7-1304-43e6-a87b-fb42b4837750:meal=0,60,139.3
9ab5a4c7-1304-43e6-a87b-fb42b4837750:meal=0,75,136.3
9ab5a4c7-1304-43e6-a87b-fb42b4837750:meal=0,90,127.5
9ab5a4c7-1304-43e6-a87b-fb42b4837750:meal=0,105,112.6
9ab5a4c7-1304-43e6-a87b-fb42b4837750:meal=0,120,91.9
9ab5a4c7-1304-43e6-a87b-fb42b4837750:meal=1,15,125.4
9ab5a4c7-1304-43e6-a87b-fb42b4837750:meal=1,30,145.4
9ab5a4c7-1304-43e6-a87b-fb42b4837750:meal=1,45,157.5
9ab5a4c7-1304-43e6-a87b-fb42b4837750:meal=1,60,161.5
9ab5a4c7-1304-43e6-a87b-fb42b4837750:meal=1,75,157.5
9ab5a4c7-1304-43e6-a87b-fb42b4837750:meal=1,90,145.4
9ab5a4c7-1304-43e6-a87b-fb42b4837750:meal=1,105,125.4
9ab5a4c7-1304-43e6-a87b-fb42b4837750:meal=1,120,97.3
9ab5a4c7-1304-43e6-a87b-fb42b4837750:meal=2,15,124.9
9ab5a4c7-1304-43e6-a87b-fb42b4837750:meal=2,30,143.4
9ab5a4c7-1304-43e6-a87b-fb42b4837750:meal=2,45,154.6
9ab5a4c7-1304-43e6-a87b-fb42b4837750:meal=2,60,158.3
9ab5a4c7-1304-43e6-a87b-fb42b4837750:meal=2,75,154.6
9ab5a4c7-1304-43e6-a87b-fb42b4837750:meal=2,90,143.4
9ab5a4c7-1304-43e6-a87b-fb42b4837750:meal=2,105,124.9
9ab5a4c7-1304-43e6-a87b-fb42b4837750:meal=2,120,98.9
2899ec4b-e0d4-4d82-8568-f251f22a1969:meal=0,15,148.0
2899ec4b-e0d4-4d82-8568-f251f22a1969:meal=0,30,166.9
2899ec4b-e0d4-4d82-8568-f251f22a1969:meal=0,45,178.3
2899ec4b-e0d4-4d82-8568-f251f22a1969:meal=0,60,182.1
2899ec4b-e0d4-4d82-8568-f251f22a1969:meal=0,75,178.3
2899ec4b-e0d4-4d82-8568-f251f22a1969:meal=0,90,166.9
2899ec4b-e0d4-4d82-8568-f251f22a1969:meal=0,105,148.0
2899ec4b-e0d4-4d82-8568-f251f22a1969:meal=0,120,121.5
2899ec4b-e0d4-4d82-8568-f251f22a1969:meal=1,15,90.9
2899ec4b-e0d4-4d82-8568-f251f22a1969:meal=1,30,96.2
2899ec4b-e0d4-4d82-8568-f251f22a1969:meal=1,45,99.3
2899ec4b-e0d4-4d82-8568-f251f22a1969:meal=1,60,100.4
2899ec4b-e0d4-4d82-8568-f251f22a1969:meal=1,75,99.3
2899ec4b-e0d4-4d82-8568-f251f22a1969:meal=1,90,96.2
2899ec4b-e0d4-4d82-8568-f251f22a1969:meal=1,105,90.9
2899ec4b-e0d4-4d82-8568-f251f22a1969:meal=1,120,83.6
2899ec4b-e0d4-4d82-8568-f251f22a1969:meal=2,15,130.6
2899ec4b-e0d4-4d82-8568-f251f22a1969:meal=2,30,150.8
2899ec4b-e0d4-4d82-8568-f251f22a1969:meal=2,45,162.9
2899ec4b-e0d4-4d82-8568-f251f22a1969:meal=2,60,167.0
2899ec4b-e0d4-4d82-8568-f251f22a1969:meal=2,75,162.9
2899ec4b-e0d4-4d82-8568-f251f22a1969:meal=2,90,150.8
2899ec4b-e0d4-4d82-8568-f251f22a1969:meal=2,105,130.6
2899ec4b-e0d4-4d82-8568-f251f22a1969:meal=2,120,102.2
df66336b-2635-4012-ab74-72643a777052:meal=0,15,125.1
df66336b-2635-4012-ab74-72643a777052:meal=0,30,129.2
df66336b-2635-4012-ab74-72643a777052:meal=0,45,131.7
df66336b-2635-4012-ab74-72643a777052:meal=0,60,132.5
df66336b-2635-4012-ab74-72643a777052:meal=0,75,131.7
df66336b-2635-4012-ab74-72643a777052:meal=0,90,129.2
df66336b-2635-4012-ab74-72643a777052:meal=0,105,125.1
df66336b-2635-4012-ab74-72643a777052:meal=0,120,119.3
df66336b-2635-4012-ab74-72643a777052:meal=1,15,112.9
df66336b-2635-4012-ab74-72643a777052:meal=1,30,127.9
df66336b-2635-4012-ab74-72643a777052:meal=1,45,136.9
df66336b-2635-4012-ab74-72643a777052:meal=1,60,139.9
df66336b-2635-4012-ab74-72643a777052:meal=1,75,136.9
df66336b-2635-4012-ab74-72643a777052:meal=1,90,127.9
df66336b-2635-4012-ab74-72643a777052:meal=1,105,112.9
df66336b-2635-4012-ab74-72643a777052:meal=1,120,91.9
df66336b-2635-4012-ab74-72643a777052:meal=2,15,119.1
df66336b-2635-4012-ab74-72643a777052:meal=2,30,134.5
df66336b-2635-4012-ab74-72643a777052:meal=2,45,143.7
df66336b-2635-4012-ab74-72643a777052:meal=2,60,146.8
df66336b-2635-4012-ab74-72643a777052:meal=2,75,143.7
df66336b-2635-4012-ab74-72643a777052:meal=2,90,134.5
df66336b-2635-4012-ab74-72643a777052:meal=2,105,119.1
df66336b-2635-4012-ab74-72643a777052:meal=2,120,97.6
